"""Comment garantir le respect par tous de la compréhension réciproque et des valeurs intangibles de la République ?""","""En dehors des élus politiques, faut-il donner un rôle plus important aux associations et aux organisations syndicales et professionnelles ?""","""En matière d'immigration, une fois nos obligations d'asile remplies, souhaitez-vous que nous puissions nous fixer des objectifs annuels définis par le Parlement ?""","""En qui faites-vous le plus confiance pour vous faire représenter dans la société et pourquoi ?""","""Faut-il faciliter le déclenchement du référendum d'initiative partagée (le RIP est organisé à l'initiative de membres du Parlement soutenu par une partie du corps électoral) qui est applicable depuis 2015 ?""","""Faut-il les transformer ?""","""Faut-il prendre en compte le vote blanc ?""","""Le non-cumul des mandats instauré en 2017 pour les parlementaires (députés et sénateurs) est :""","""Pensez-vous qu'il faille instaurer des contreparties aux différentes allocations de solidarité ?""","""Pensez-vous qu'il serait souhaitable de réduire le nombre d'élus (hors députés et sénateurs) ?""","""Pourquoi ?""","""Que faudrait-il faire aujourd'hui pour mieux associer les citoyens aux grandes orientations et à la décision publique ? Comment mettre en place une démocratie plus participative ?""","""Que faudrait-il faire aujourd'hui pour renforcer l'engagement citoyen dans la société ?""","""Que faudrait-il faire pour consulter plus directement les citoyens sur l'utilisation de l'argent public, par l'Etat et les collectivités ?""","""Que faudrait-il faire pour favoriser le développement de ces comportements civiques et par quels engagements concrets chacun peut-il y participer ?""","""Que faudrait-il faire pour lutter contre ces discriminations et construire une société plus solidaire et plus tolérante ?""","""Que faudrait-il faire pour mieux représenter les différentes sensibilités politiques ?""","""Que faudrait-il faire pour renouer le lien entre les citoyens et les élus qui les représentent ?""","""Que faudrait-il faire pour valoriser l'engagement citoyen dans les parcours de vie, dans les relations avec l'administration et les pouvoirs publics ?""","""Que pensez-vous de la participation des citoyens aux élections et comment les inciter à y participer davantage ?""","""Que pensez-vous de la situation de l'immigration en France aujourd'hui et de la politique migratoire ? Quelles sont, selon vous, les critères à mettre en place pour définir la politique migratoire ?""","""Que peuvent et doivent faire les pouvoirs publics pour répondre aux incivilités ?""","""Que proposez-vous afin de répondre à ce défi qui va durer ?""","""Que proposez-vous pour renforcer les principes de la laïcité dans le rapport entre l'Etat et les religions de notre pays ?""","""Quel pourrait être le rôle de chacun pour faire reculer les incivilités dans la société ?""","""Quel rôle nos assemblées, dont le Sénat et le Conseil économique, social et environnemental, doivent-elles jouer pour représenter nos territoires et la société civile ?""","""Quelles sont les discriminations les plus répandues dont vous êtes témoin ou victime ?""","""Quelles sont les incivilités les plus pénibles dans la vie quotidienne et que faudrait-il faire pour lutter contre ces incivilités ?""","""Quelles sont, selon vous, les modalités d'intégration les plus efficaces et les plus justes à mettre en place aujourd'hui dans la société ?""","""Quels sont les comportements civiques qu'il faut promouvoir dans notre vie quotidienne ou collective ?""","""Si oui, comment ?""","""Si oui, de quelle manière ?""","""Si oui, lesquelles ?""","""Si oui, lesquels ?""","""Si oui, à quel type d'associations ou d'organisations ? Et avec quel rôle ?""","""Y a-t-il d'autres points sur la démocratie et la citoyenneté sur lesquels vous souhaiteriez vous exprimer ?""",link,author,date,reason,title
,,,,,,,,,,,,,,,,,,,,,,,,,,,,,,,,,,,,https://granddebat.fr/projects/democratie-et-citoyennete-1/collect/participez-a-la-recherche-collective-de-solutions/proposals/stopper-limmigration-musulmane-car-cette-population-sera-multipliee-par-5-demographie-dici-la-fin-du-siecle-et-deviendra-majoritaire,"Marchive
15 février 2019",15 février 2019,"Motif
Propos racistes","Stopper l'immigration Musulmane, car cette population sera multipliée par 5 (démographie)d'ici la fin du siècle et deviendra majoritaire."
,,,,,,,,,,,,,,,,,,,,,,,,,,,,,,,,,,,"Bonjour, quand on pensent à la Russie, on ne pensent pas spontanément à la liberté d'expression, pourtant il semblait qu'une vieille recette russes pourrait aider les citoyens français à se faire entendre de leurs représentants politiques. Pour celà, prenez une bouteille en verre, de 75 cl . Remplissez là, d'un tiers d'huile de vidange, d'un tiers d'alcool à brûler et enfin d'un tiers d'essence E95 ou E98. Insérer dans son goulot une étoffe (un vieux chiffon fera l'affaire) préalablement imbibé d'alcool à brûler. Maintenant aller voir ces personnes, qui ont l'imprudence de ne pas être indefectiblement en accord avec vous, enflammé l'étoffe et lancer votre bouteille, de préférence en poussant un grand rire maléfique. Attention votre tir doit décrire une parabole, pour être bien sûr que le comburant (oxygène) nécessaire, alimente la combustion de votre cocktail. Voilà, vous avez capter l'attention de vos dirigeants, de façon beaucoup plus efficace qu'en allant voter ou en prenant le temps de participer au ""grand débat national"".",https://granddebat.fr/projects/democratie-et-citoyennete-1/collect/participez-a-la-recherche-collective-de-solutions/proposals/la-recette-russe,"Natacha & Rico
2 février 2019",2 février 2019,"Motif
incitation à la violence",la recette russe
"dès l'école primaire, éducation civique et respect des enseignants",Non,oui au droit d'asile mais un vrai droit d'asile pour des demandeurs de pays en guerre ou victimes de discriminations (ex lgbt),"Personne. Les élus en dernier surtout les ""professionnels"" (IEP, master en droit public...) et les ""fils de"", maires de génération en génération",Non,Non,Oui,Je ne sais pas,Oui,Non,"ce sont toujours les mêmes qui sont élus de toutes façons : la ""classe politique""","ah ah ah la bonne blague. vous devriez le savoir... fin de la politique spectacle qui ne sert qu'à engraisser la classe politique et à maintenir un système qui profite à ceux qui ont déjà tout. Le chômage par exemple, vous en avez rien à foutre... Depuis des années, tant de chômeurs, tant de familles ""détruites"" par le chômage... et des mesurettes décidées par les hommes politiques qui se cooptent et cooptent les membres de leur famille et leurs amis.... pfff à gerber",que les hommes politiques soient honnêtes. Ferrand le premier... Merci qui ? merci le Crédit Mutuel. .. scandaleuxxxxxx,"que les citoyens soient représentés ce qui n'est pas le cas actuellement. Les élections sont des écrans de fumée, de l'enfumage qui profitent toujours aux mêmes. D'où les traditionnelles questions du prix de la baguette ou du ticket de métro. Les élus sont déconnectés même les plus geek comme macron le philosophe qui maîtrise les citoyens incultes",que les hommes politiques soient irréprochables...,que l'éducation nationale n'incite pas les jeunes des classes populaires à faire des études longues...,tirage au sort,Des représentants tirés au sort,"c'est quoi cette question d'intello à la con ?!?! ""valoriser l'engagement citoyen"", ""parcours de vie"" ... non mais, je suis sûr que moins d'un Français sur 10 arrive à comprendre ce que vous aimeriez qu'il comprenne. C'est Macron le philosophe qui vous l'a inspirée ?",La montée de l'abstention est révélatrice d'un système qui profite toujours aux mêmes. Et si un élu ne pouvait être élu qu'une seule fois quelque soit le mandat ?,"fin de l'immigration, uniquement immigration économique choisie par la France. pas d'allocations familiales pour les immigrés. pas de droit du sol pour les enfants nés en France",que le président change de trottoir et retourne au Touquet se faire engraisser par Rothschild,davantage de répression,port du voile interdit en France,Eliminer les hommes politiques actuels,"le véritable rôle qu'elles devraient jouer... L'Assemblée est verrouillée par la république en panne de démocratie. j'ai suivi les débats, que ce soit de rugy ou ferrand au perchoir, ils musèlent les prises de parole, aucun respect des députés. idem pour la présidente de la commission Benalla, on se croit revenu au temps de l'ancien régime : république bananière (sans jeu de maux).","les moqueries envers les déclassés : ""tu a un bac+5 et tu occupes un poste d'employé... ça ne sert à rien d'avoir fait des études..."" Et bien oui, vivant en hlm, je n'avais pas de réseau, pas de piston contrairement à la plupart de mes camarades de sup'de co et en plus je me suis ruiné en frais d'études...",quand le président insulte les Français...,parler Français et aimer la France,l'honnêteté : fini les expressions comme responsable mais pas coupable,"Il est nu votre questionnaire, vous incitez les citoyens dans leur réponse... c'est bien la preuve de votre cynisme.",élection validée si 50% des votants dont votes blancs,"dès retour à meilleure fortune, tu contribues davantage... voire tu rembourses",,,"Macron, le Kennedy français. Je n'apprécie guère son côté hautain mais je souhaite qu'il ne finisse pas comme JFK. Pourtant il en prend le chemin si sa clique et lui continuent à mépriser les classes populaires.",https://granddebat.fr/projects/democratie-et-citoyennete-1/collect/participez-a-la-recherche-collective-de-solutions/proposals/impot-sur-le-revenu-paye-par-tous-pas-de-profiteurs-pas-dassistes,"Canut au boulot
9 février 2019",9 février 2019,"Motif
incitation à la violence","Impôt sur le revenu payé par tous, pas de profiteurs, pas d'assistés"
,,,,,,,,,,,,,,,,,,,,,,,,,,,,,,,,,,,,https://granddebat.fr/projects/democratie-et-citoyennete-1/collect/participez-a-la-recherche-collective-de-solutions/proposals/indexer-les-retraites-sur-le-cout-de-la-vie-2018-inflation-1-7-2019-a-voir-mais-seulement-0-3-en-sur-les-retraites-si-les-vieux-vous-coutent-si-cher-il-faut-les-tuer-a-la-naissance,"barriere33
31 janvier 2019",31 janvier 2019,"Motif
Incitation à la violence","indexer les retraites sur le coût de la vie :2018 inflation 1,7% 2019 a voir mais seulement +0,3% en+ sur les retraites si les vieux vous coûtent si cher il faut les TUER à la naissance!!!!!!!!"
En arrêtant de vouloir pervertir la population et la submerger de subsahariens,Non,Arrêter de faire venir les gens de type congoïdes,,Non,,Oui,Je ne sais pas,,Oui,Ça dépend de qui,,Service militaire,,Avec un gouvernement d'hommes,Que le gouvernement fasse SON BOULOT !,,Arrêter de mentir et arrêter de promouvoir L'IMMONDE,Moins les voler et les flouer,Je ne sais pas,"Catastrophique de paris à marseille, trop de subsahariens donc trop de problèmes et différences",Sévir et être implacable (fort et déterminé) le propre d'un homme normal sain de corps et d'esprit,Avoir un cerveau et des bras,Il y a trop de laïcité justement,L'action,,"Heterophobie, racisme des noirs, médias, télévision ect, c'est du terrorisme intellectuel, très pervers, aussi immonde qu'insignifiant","Hétérophobie , le comportement des gays, le métissage avec les subsahariens, la chochotetie, interdire ces comportements ou leur imposer un impôt ou taxe spécifique",Intégrer déjà vos propres citoyens plutôt que de chercher à nous imposer toujours plus de subsahariens !,"La force et l'honnêteté, aucune place pour les fiottes et les serpents",,En changeant radicalement,,Ceux qui sont pour le mariage gay et l'immigration subsaharienne,,"Le mariage c'est un homme et une femme, cette loi n'a aucunement sa place dans la société. À des heures de grand public, des pubs d'homosexuels, de non binaires ect... sont diffusés sous nos yeux et ceux de nos enfants, j'ai été enfant comme tout le monde et je sais à quel point cela me choque, si ça continue des gens refuseront de scolariser leurs enfants dans ces conditions, je connais des gens qui zappent carrément quand une scène sexuelle entre un homme et une femme passe à la tv alors je vous laisse imaginer les pour les homosexuels et je ne suis pas religieux, il ny a pas besoin de l'etre pour être normal, d'ailleurs avec ça, avec cette loi vous ne respectez pas non plus les religieux, vous savez qu'il y a des gays qui écrivent ""j'***** dieu"" sur internet (j'ai des captures d'écran au besoin) ? Et que par ailleurs la majorité est censuré sur youtube par exemple et ces gens non? Je comprend pourquoi vous n'avez pas fais de référendum la dessus, les chrétiens, les musulmans et les gens qui tout simplement sont contre cela auraient été bien trop nombreux pour obtenir un oui pour le mariage gay. NON au mariage gay et annulation loi avec effet rétroactif.",https://granddebat.fr/projects/democratie-et-citoyennete-1/collect/participez-a-la-recherche-collective-de-solutions/proposals/abrogation-du-mariage-gay-avec-effet-retroactif,"Shao khan win, fatality
1 février 2019",1 février 2019,"Motif
propos injurieux",ABROGATION du mariage GAY avec effet rétroactif!
,,,"Une idée qui me semble permettre à chacun de sortir de la crise où nous sommes enfermés de la meilleure façon.... Après avoir tenté avec ses acolytes de réformer à son idée le pays et déclenché une levée de bouclier bien compréhensible de la plupart des Français, notre Président ne préside plus et peine à trouver une porte de sortie.... Je lui en suggère une . Il peut ou doit se suicider! Avantages pour lui: Il sort du ""merdier"" où il s'est mis par le haut...On sait bien qu'on regrette les morts et il serait le premier président, à sortir ainsi...Il marquerait l'histoire et c'est sûrement ce qu'il cherche depuis très longtemps! Son épouse aurait le bonheur d'être sa veuve alors que la ""nature"" semblerait pencher autrement... Nous n'aurions pas à l'entretenir comme président ou ancien président durant des temps ""infinis"".... Les futurs ""candidats"" à ce poste et les commentateurs éclairés qui nous ""bassinent"" se poseraient des questions sur ce qui est , ou n'est pas à faire.... Un autre monde se dessinerait sûrement et nous aurions le bonheur de le créer ! Allez Manu, je te laisse le choix des ""armes"", et n'oublie pas que toutes tes frasques disparaîtront avec TOI!",,,,,,,,,,,,,,,,,,,,,,,,,,,,,,,,,https://granddebat.fr/projects/democratie-et-citoyennete-1/collect/participez-a-la-recherche-collective-de-solutions/proposals/conseil-a-macron-quil-devrait-etudier-avec-le-plus-grand-soin,"labadie daniel
24 janvier 2019",24 janvier 2019,"Motif
incitation à la violence",conseil à Macron qu'il devrait étudier avec le plus grand soin!
,,,,,,,,,,,,,,,,,,,,,,,remettre une religion d'Etat chrétienne,,,,Les lgbt ces gens ne servent a rien au bucher ils faudrait plus les persécuter,,,,,,,,,https://granddebat.fr/projects/democratie-et-citoyennete-1/collect/participez-a-la-recherche-collective-de-solutions/proposals/anti-pd,"ronek@22office.com
25 janvier 2019",25 janvier 2019,"Motif
propos homophobe",anti pd
,,,,Je ne sais pas,,Oui,,,,,,,,,,,,,,,,,,,,,,,,,,,,,"Le mariage c'est un homme et une femme, cette loi n'a aucunement sa place dans la société. À des heures de grand public, des pubs d'homosexuels, de non binaires ect... sont diffusés sous nos yeux et ceux de nos enfants, j'ai été enfant comme tout le monde et je sais à quel point cela me choque, si ça continue des gens refuseront de scolariser leurs enfants dans ces conditions, je connais des gens qui zappent carrément quand une scène sexuelle entre un homme et une femme passe à la tv alors je vous laisse imaginer les pour les homosexuels et je ne suis pas religieux, il ny a pas besoin de l'etre pour être normal, d'ailleurs avec ça, avec cette loi vous ne respectez pas non plus les religieux, vous savez qu'il y a des gays qui écrivent ""j'encule dieu"" sur internet (j'ai des captures d'écran au besoin) ? Et que par ailleurs la majorité est censuré sur youtube par exemple et ces gens non? Je comprend pourquoi vous n'avez pas fais de référendum la dessus, les chrétiens, les musulmans et les gens qui tout simplement sont contre cela auraient été bien trop nombreux pour obtenir un oui pour le mariage gay. NON au mariage gay et annulation loi avec effet rétroactif.",https://granddebat.fr/projects/democratie-et-citoyennete-1/collect/participez-a-la-recherche-collective-de-solutions/proposals/annulation-mariage-gay-avec-retroactivite,"Shao khan win, fatality
27 janvier 2019",27 janvier 2019,"Motif
propos grossier",Annulation mariage gay avec rétroactivité
,Oui,,Lobby LGBT,Je ne sais pas,,Oui,Une bonne chose,,Non,Je sais pas.,,,,,,S'enculer.,Une bonne pipe,,C'est plutôt pas mal.,,,,,,,,,,,,En comptant.,,,Lobby LGBT,,https://granddebat.fr/projects/democratie-et-citoyennete-1/collect/participez-a-la-recherche-collective-de-solutions/proposals/homosexualiser-la-population,"Mojo
25 janvier 2019",25 janvier 2019,"Motif
propos grossiers",Homosexualiser la population
"Je comprends déjà pas la question, alors la compréhension réciproque des valeurs intangibles, laisse bét que personne y entravera que dalle.",Non,Des objectifs quantitatifs en termes d'humains.. Vous êtes sérieux????,"Personne. Ni les pouvoirs publics (Pôle Emploi n'étant déjà pas foutu d'aider les chômeurs, les profs pas foutus d'enseigner et la justice de faire correctement les choses, de base c'est mal barré), ni le privé (la France n'est pas une entreprise), ni les gens (ils sont teubés).",Je ne sais pas,Oui,Oui,Une bonne chose,Non,Oui,Parce que moi je ne cumule pas les allocations chômage ET un salaire par exemple,"J'en sais rien, c'est pas moi qui ai fait l'ENA, mais certainement pas via un Grand Débat",Je pense qu'il ne faut pas. L'individualisme c'est très bien: chacun se mêle de son cul et n'emmerde pas le voisin.,Envoyer aux citoyens les fiches de paie des agents de l'Etat,que chacun s'engage à s'occuper de son cul.,"apprendre aux gens à s'occuper de leur cul, et qu'ils comprennent que le fait que d'autres aient des droits ne les privent pas des leurs","Je pense qu'à part les extrêmes, il n'y a plus vraiment de sensibilités politiques",Encore quelques attentats,"""L'engagement citoyen dans les parcours de vie"", concrètement je comprends pas la question.",Elle est proportionnelle à la qualité des candidats: présenter des candidats avec moins de casseroles au cul serait une bonne initiative.,"Compte tenu du réchauffement climatique, l'immigration elle commence seulement, c'est juste les balbutiements, donc va falloir s'y faire",Qu'ils fassent déjà leur boulot,Supprimer le rôle des videurs,Pendez les curés avec les couilles des Imams et fermez les synagogues dans la foulée!,Chacun devient shérif et tout le monde a ses armes! Yippee yay !!,"Sérieux les gars j'ai l'impression d'être en devoir d'éco. Il a besoin de nous pour savoir, le banquier ???",Certainement pas les discriminations anti-blanc. Qu'il faut être sacrément con pour parler de discrimination anti-blanc.,"J'ai bien compris que vous comptez sur le fait que les gens se plaignent des mains au cul dans le métro, m'enfin on a vlà de % de chômeurs, ça n'est pas la priorité","A partir du moment où on a pendu les Imams cf plus haut, rien","L'individualisme, cf au dessus.",On en parle quand de l'ISF ?,En les comptant (MATHEMaTIK !!) et en n'élisant personne jusqu'à ce qu'un candidat ait la majorité compte tenu des votes blancs;,,Ma foi tous,,Non,https://granddebat.fr/projects/democratie-et-citoyennete-1/collect/participez-a-la-recherche-collective-de-solutions/proposals/fick-fick-fick,"Alexandra
28 janvier 2019",28 janvier 2019,"Motif
incitation à la violence",FICK FICK FICK
Le concept religieux doit être enseigné à l'école primaire.,Non,Oui en fonction des emplois non pourvus.,"Mes élus, plus ils sont prêts de moi, plus je leur fait confiance, surtout s'ils font ce qu'ils ont dit!",Je ne sais pas,Oui,Oui,Une mauvaise chose,Oui,Oui,"L’interdiction du cumul des mandats est une erreur, en effet ce que les français ne voulaient plus c’est le cumul des payes ! Cette interdiction a produit des parlementaires « hors sol » coupés des territoires. Il convient de corriger, soit en supprimant l’interdiction pour les maires de communes jusqu’à 20 000 ou 30 000 habitants par exemple, mais en conservant le non cumul des indemnités, ou bien en limitant la possibilité de candidatures aux anciens élus municipaux.",En ne supprimant pas les enquêtes publiques!,Appliquer nos Lois au lieu de mollir!,Les informer sur les feuilles d'impôt de l'utilisation de leur argent.,Sans application des sanctions licites rien n'est possible.,,"Même si j’étais enfant, je me rappelle de l’instabilité politique de la 4ième République avec sa proportionnelle ! Et hélas de ses conséquences… Ne détruisons pas la stabilité de la 5ième République voulue par le Général de Gaulle, liée au scrutin majoritaire, l’introduction de la proportionnelle pour ne pas mettre à mal nos institutions ne doit pas dépasser 12.5%, soit 50 députés dans ma proposition.",Que les élus n'oublient pas leurs discours de candidats!,Distinguer ceux qui se sont montrés exemplaires...,Je suis favorable à rendre le vote obligatoire si le vote blanc est reconnu,"Ca y est, nous sommes en guerre ! Cela fait plus de 70 ans, trois générations, que nous n’avions pas connu la guerre, sur notre sol ! Celle-ci est pire que celles qu’ont connues nos parents et nos grands-parents, c’est une guerre civile ! Car ce sont des français qui s’attaquent de façon barbare à d’autres français. Comment en est-on arrivé là ? Hélas pour qui ne se bandait pas les yeux c’était hélas prévisible ! Deux causes : la famille et l’école. La famille est depuis plusieurs décennies la cible des gauchos libertaires, il faut la détruire car elle est ringarde et antilibérale ; certains comme Philippe de Villiers vont jusqu’à penser que ce mouvement s’est fait avec la connivence de l’argent roi dans le cadre de la mondialisation. Les valeurs et l’éducation étaient l’affaire de la famille, quand j’allais à l’école primaire si j’avais oublié de retirer ostensiblement mon béret pour saluer un adulte, mes parents et l’instituteur en auraient été immédiatement informés, et il n’y avait pas de téléphone portable, ni fixe d’ailleurs ! Aujourd’hui, rares sont les enfants que je croise qui me saluent, pas plus que leurs parents d’ailleurs… A l’école que j’ai connue, la journée commençait par l’inscription au tableau noir de la date suivie de trois lignes de morale, tous les jours L’instituteur n’avait pas besoin de perdre du temps avec l’éducation, c’était l’affaire des parents ! il pouvait consacrer tout son temps à la transmission du savoir ! Les enfants n’allaient pas à l’école à 2 ou 3 ans, mais à 5, moi d’ailleurs, en raison de problèmes de santé, j’ai commencé en fait à 7 ans, l’école n’était pas une garderie gratuite ! Le Ministère n’était pas celui de l’éducation, mais celui de l’enseignement ! Il y avait bien séparation de l’Eglise et de l’Etat, mais quand il y avait des obsèques dans le village deux enfants de cœur étaient libérés pour aller servir la messe, par respect des choix du défunt. Nous avons fait semblant pendant des décennies d’intégrer des gens qui n’avaient pas l’intention de « se convertir » à notre culture, mais dont l’objectif était de nous soumettre ! Et cela avec des complicités internes, comme au temps ou des français portaient les valises du FLN ! Aujourd’hui de prétendus magistrats, affiliés au syndicat de la magistrature, s’insurgent contre « l’état d’urgence » et ses conséquences : la mise hors d’état de nuire de quelques salopards. Il y a quelques décennies je disais ne pas me sentir offensé quand la caissière me demandait ma carte d’identité, aujourd’hui j’accepte de passer quelques heures au poste de police pour avoir oublié mes papiers, car je comprends que cela peut permettre que des malfaisants ne soient pas en liberté pour préparer un sale coup. Nous ne vivons plus au temps de la mythologie, cependant deux demi-dieu subsistent : les journaleux et les petits juges ! Impossible de s’attaquer à leurs déviances sans prendre une volée de bois vert de la part des bobos gauchos libertaires, quand la charia sera légale ce sera à minima la lapidation ! Je préconise, une fois nos obligations d’asile remplies, une immigration choisie en fonction des besoins de la Nation, connaissance de la langue française et de l’histoire sanctionnées par un examen pour tous les candidats à l’immigration, ainsi tout immigré aura immédiatement un emploi. Arrêt de l’aspirateur à profiteurs que sont toutes les aides : arrêter la préférence étrangère, redistribuer les économies ainsi dégagées vers les français qui en ont le plus besoin et qui eux ont participé pendant plus de 40 ans à faire la France. Comme l’ancien premier Ministre Raymond BARRE, qui à ma connaissance n’était pas un facho, je préconise que la peine de mort soit rétablie dans 3 cas, meurtre d’enfant, de vieillards (deux catégories sans défense) et de représentants des forces de l’ordre, qui sont nos salariés, s’attaquer à eux s’est s’attaquer à nous !",Appliquer la Loi.,Beaucoup de rigueur.,Les musulmans doivent comme les chrétiens et les juifs (depuis Napoléon) se soumettre à l'Etat: en France pas de charia!,,La réduction des dépenses passe en priorité par la suppression de tous ces comités « Théodule » qui ne servent qu’à récompenser des amis. .. Pourquoi ne pas supprimer le Conseil Economique Social Environnemental (CESE) et transférer ses attributions au Sénat ?,,Sanctions,Connaissance de la langue et un minimum d'histoire sanctionné par un examen!,Respecter son prochain.,Supprimer le Conseil Economique Social Environnemental (CESE) et transférer ses attributions au Sénat.,"Si le vote blanc est majoritaire, il faut rejeter le projet.",L'argent distribué correspond à de la sueur de quelqu'un! donc exiger un travail encontre partie serait juste.,"Des pays pas moins démocratiques que le nôtre ont moins de parlementaires, je propose que le nombre de députés soit ramené à 400, et le nombre de sénateurs à 200.",,"BIO ETHIQUE Je considère que la Procréation Médicale Assistée (PMA) est une avancée de la science pour corriger une anomalie de la nature, pas pour permettre à une minorité, qui a choisi de vivre différemment, d’échapper aux contraintes de ses choix, elle doit donc être réservée aux malheureux, couples hétérosexuels, pas aux déviationnistes. S’agissant de Gestation Pour Autrui (GPA), il s’agit pour moi de la marchandisation du corps de la femme, dont on comprend qui seront les malheureuses victimes ! Je suis donc hostile à sa légalisation. SECURITE Il est urgent d’appliquer nos Lois ! Les casseurs doivent être les payeurs, il n’y a aucune raison que les citoyens honnêtes et tranquilles paient, par leurs impôts, pour des pas éduqués ! La seule contrainte qui fait reculer un individu est la sanction financière, et celle-ci doit pouvoir s’appliquer à toute la famille du délinquant.",https://granddebat.fr/projects/democratie-et-citoyennete-1/collect/participez-a-la-recherche-collective-de-solutions/proposals/bioethique-immigration,"AZIMONT
24 janvier 2019",24 janvier 2019,"Motif
homophobie",BioEthique Immigration
Question ridicule.,Non,"Il faut des quotas de REMIGRATION, dans le sens inverse. Il ne faut plus accueillir qu'au compte-goutte car nous n'avons plus les moyens financiers et plus la capacité culturelle sous peine de diviser encore plus la société.",Au peuple français.,Oui,Oui,Oui,Une mauvaise chose,Oui,Oui,"Les députés sont déconnectés des réalités du terrain, on le voit bien avec les godillots LREM qui n'ont rien vu venir aux gilets jaunes.",Référendum d'initiative citoyenne.,,,,Il faudrait avoir le courage d'appeler un chat un chat et de dépeindre la situation telle qu'elle est aujourd'hui.,,Appliquer les volontés de la majorité (70% des français sont contre l'immigration par exemple).,,"En évitant de faire passer 2 ans après un référendum l'inverse de ce que le peuple a voté. Le référendum sur la Constitution européenne a été ratifié par le Parlement en 2007, au mépris de la souveraineté populaire.","Le remplacement de population à l'œuvre en France se fait chaque jour de plus en plus présent. En Ile-de-France comme dans les grandes métropoles, les blancs seront bientôt minoritaires. Dans de nombreux quartiers, l'islam fait sa loi, aux dépens des us et coutumes de notre pays. La France serait-elle encore la France si la première religion du pays était l'islam? En jetant un œil sur la situation des pays musulmans, la réponse est évidente : non. La France serait-elle encore la France si la majorité des français sont noirs et arabes, et les blancs minoritaires? La réponse est encore non comme l'a dit le général de Gaulle, ""il est bon qu'il y ait des français de toutes les couleurs, mais le peuple français est un peuple majoritairement blanc"". Depuis des années, la question de notre identité est tue et le multiculturalisme est décrit comme un horizon indépassable. Le président de la République a même nié que la ""culture française"" existât. Aujourd'hui, il est temps d'appliquer les lois de notre Etat souverain. Les clandestins arrivant dans notre pays doivent être raccompagnés dans leur pays d'origine. La remigration de nombreux immigrés ou de descendants d'immigrés doit être organisée. Aujourd'hui, plus d'un million de jeunes issus de l'immigration est oisive : pourquoi ne pourraient-ils pas aider au développement de leur pays d'origine? L'islam doit se soumettre aux lois de la France, les manifestations de prosélytisme religieux comme le voile islamique, les prières de rue, le burkini et tant d'autres doivent être bannies.",,Rétablir les contrôles aux frontières Refouler les clandestins en dehors des frontières nationales,"L'islam doit se soumettre aux règles françaises. ""Renforcer les principes de la laïcité"" ça ne veut rien dire.",,,Le racisme anti-blancs.,,,,Supprimer le CESE.,Il faut prendre en compte vote blanc et abstention.,,Supprimer les régions et leurs élus et renforcer les départements Supprimer les agglomérations et leurs élus et renforcer les communes,Les associations et syndicats ne sont pas représentatifs des intérêts du peuple français. Ils ne doivent pas jouer un rôle plus important.,,https://granddebat.fr/projects/democratie-et-citoyennete-1/collect/participez-a-la-recherche-collective-de-solutions/proposals/arreter-la-colonisation-migratoire-de-la-france-et-la-destruction-de-son-peuple,"Alexandre
22 janvier 2019",22 janvier 2019,"Motif
propos raciste",Arrêter la colonisation migratoire de la France et la destruction de son peuple
Merde a la république maçonnique. Vive la France.,Non,"Quelles obligations d'asile ? L'Asile n'est pas un droit, c'est une faveur et ces parasites ne sont pas des réfugiés. Que n'avez vous accueilli Snowden ou Julien Assange. 0 etranger, et réémigration de 200 000 par an.",Il appartient aux citoyens de voter leurs propres lois. Nous voulons un RIC (Référendum d’initiative citoyenne en toutes matières°,Non,Oui,Oui,Une bonne chose,Oui,Oui,Macron dégage !,RIC et rien d'autre.,RIC en toutes matières et sans verrou.,RIC en toutes matières et sans verrou.,Réémigration,Macron destitution.,RIC révocatoire.,Référendum d'initiative citoyenne en toutes matières dès 500 000 signatures.,RIC en toutes matières et sans verrou.,Macron dégage ! Les pourris dehors,Scandaleux. Il y a 10 millions d'allogènes qui nous haïssent. Vous devrez êtres jugés pour avoir livré la France a ceux qui la detestent. Réémigration.,RIC en toutes matières et sans verrou.,Macron dégage. Election d'Henry de Lesquen. Victoire des gilets jaunes et du RIC,Réémigration des bi nationaux non assimilés et fermeture des frontières. Arrêt de l'immigration,Les étrangers dehors,Ça dégage. Ça nous coute un pognon de dingue et ca ne sert à rien.,La dictature Macroniste envers les Gilets Jaunes par l'intermédiaire de la police,Crachats des afro maghrébins. Agressions permanentes des afro maghrébins. Prières de rues. Flics qui éborgnent les gilets jaunes.,Réémigration.,Macron dégage !,Dehors les parasites.,Quorum,"Immigrés dehors, bi nationaux dehros. Suppression de l'AME. FERMETURE DES FRONTIERES","Sénat à supprimer, Région et UE",Parlement du peuple.,Macron dégage ! Vive les gilets jaunes.,https://granddebat.fr/projects/democratie-et-citoyennete-1/collect/participez-a-la-recherche-collective-de-solutions/proposals/reemigration,"Chris
22 janvier 2019",22 janvier 2019,"Motif
propos injurieux",Réémigration
"La France existait avant 1792 et avait des valeurs depuis longtemps. Je ne me reconnais pas dans l'expression ""valeurs intangibles de la République"". Parle-t-on de la 1° République, auquel cas je pourrais adhérer, ou de la 3° république ?",Non,"L'asile n'a pas de sens. C'est valable pour Edouard Snowden en Russie, c'était valable our Victor Hugo à Guernesey ou Einstein aux USA pendant le nazisme. En revanche, il faut employer le bon mot : aujourd'hui, on vit une invasion en provenance d'Afrique et du Moyen-Orient.",Je n'ai pas de vraie confiance en un représentant à partir du moment où je n'ai pas le pouvoir de révocation. Je n'aime pas les chèques en blanc pour une durée de 5 ans.,Oui,Oui,Oui,Une mauvaise chose,Oui,Non,Le système des députés-maires et sénateurs-maires favorisait la proximité entre la classe politique et les citoyens. C'est une erreur d'avoir remis cela en cause.,La révocation,"Je ne sais pas ce que veut dire ""engagement citoyen""'. Il faut parler d'engagement français et rétablir le service national d'un an pour tous, dans une armée de conscription. En profiter pour franciser les noms des musulmans qui auront opté pour la nationalité française.",Rendre plus accessibles les rapports des cours des comptes. Les médias ont une grande responsabilité dans la réduction des rapport des cours des comptes à quelques lignes pour le buzz.,"Rendre exclusive l'une de l'autre la nationalité française et l'appartenance à l'Islam. Il faut rétablir ce qui s'est passé pendant la colonisation algérienne : les arabes qui avaient refusé d'adopter les règles françaises et reconnaissaient la ""charia"" étaient des citoyens de seconde zone.",L société doit être beaucoup moins tolérante envers les arabo-musulmans et ne faire bénéficier des aides sociales que les français chrétiens de 2 générations et plus. La société doit être beaucoup moins solidaire : il faut que l'étranger arrivant en France n'espère rien et se retrouve dans un désert social pire que l'endroit d'où il vient.,La proportionnelle,Organiser la possibilité de révocation.,"je ne sais pas ce que l'on entend par ""engagement citoyen"". Le retour au service militaire obligatoire.","Si les citoyens ne participent pas suffisamment aux élections, alors il y a un problème avec la représentation. La question est dans le mauvais sens. Il aurait fallu demander : que doivent faire les élus pour que les citoyens participent plus aux élections ?","Il faut impérativement arrêter l'invasion arabo-musulmane et exclure de la nationalité française les 10% de ""français"" musulmans qui n'auront pas fait le choix exclusif de la nationalité française.",augmenter le nombre de places de prison (passer au delà de 200 000) pour rendre effectives les poursuites pénales,"La fermeture des frontières, la fin des aides sociales. Il faut que l'étranger n'espère rien en venant en France et se retrouve dans une situation pire que celle d'où il est parti. Il faut appliquer la stratégie des russes face à l'occupant français à Moscou (relire Tolstoï ""Guerre et Paix"").","La France doit reconnaître ses racines chrétiennes, privilégier la religion catholique et interdire l'Islam.","c'est le rôle des forces de l'ordre, qu'il faut renforcer, pas de l'individu lambda",Je pense que le CESE ne sert à rien. Il faut se limiter à l'assemblée et au sénat.,La discrimination positive envers les arabo-musulmans pour l'accès à l'aide juridictionnelle en vue de l'attribution de l'AAH (allocation aux adultes handicapés) et la discrimination positive envers les ex-migrants travaillant dans le secteur de l'aide à la personne en matière de délivrance d'arrêts maladie de complaisance.,"les signes extérieurs islamiques, le refus du porc, le ramandan, les fêtes et mariages musulmans","rétablir la conscription et un service militaire d'un an, Interdire la pratique de l'Islam, enseigner l'histoire de France comme on le faisait en 1960, rebâtir des héros nationaux, arrêter de s'excuser pour la colonisation, Vichy et d'une manière générale arrêter la repentance nationale.","Interdire les signes extérieurs de l'Islam, notamment et pas exclusivement, vêtements arabo-musulmans, boucheries dites ""musulmanes"", mosquées, ....",supprimer le CESE,"Si le vote blanc est majoritaire, il faut soumettre de nouvelles personnes au vote.","Travailler à des domaines d'intérêt général, participer à la défense de la France, ....",,,"La France doit se recentrer que ce qu'elle est : une vielle nation chrétienne de culture gréco-romaine, avec une tradition de service public et de colbertisme économique. Elle ne doit pas chercher à s'adapter aux cultures étrangères, qu'il s'agisse du droit, des normes et de la langue américaines, ou de la culture arabo-musulmane. En ce sens, la réforme en 2016 du droit des obligations , par ordonnance, qui a intégré dans le code civil français de 1804 nombre de pratiques anglo-saxonnes des affaires montre à quel point les décisions qui comptent échappent au citoyen.",https://granddebat.fr/projects/democratie-et-citoyennete-1/collect/participez-a-la-recherche-collective-de-solutions/proposals/la-fin-de-lislam-en-france,"desbois
22 janvier 2019",22 janvier 2019,"Motif
propos raciste",Pou la fin de l'islam en France
,Non,oui zéro,si l'Assemblée était désignée à la proportionnelle oui !!,Je ne sais pas,,Oui,Je ne sais pas,Non,Non,,,,,,,désignée à la proportionnelle,la proportionnelle,,,ferme les frontieres !!!,,,oui et sur tous contre l’islamisme,,,"la submersion migratoire islamique et de plus en plus présente , vole dégradation insulte ext ,,,,",,,,,,,,,,https://granddebat.fr/projects/democratie-et-citoyennete-1/collect/participez-a-la-recherche-collective-de-solutions/proposals/stop-islamisme,"jonathanpaulet
22 janvier 2019",22 janvier 2019,"Motif
propos raciste",STOP Islamisme
"Etre exemplaire, d'autant plus qu'on agit à un niveau élevé Faire payer des amendes ""raisonnables"", mais fonction du niveau de vie",Non,Quelles obligations ???,député,Non,,,Une bonne chose,,Oui,création de mafia,"Il faudrait déjà que les grandes orientations soient mieux débattues, cf l'europe où on ne serait pas plus malin que les anglais au milieu de leur brexit",S'appuyer sur les associations,"Il n'y a pas à le consulter, sauf problème imprévu mais à leur rendre compte comme dans les AG des sociétés","Tenir à jour un fichier des citoyens au niveau de chaque commune avec des notes A, B, C attribiée en fonction des circonstances",,proportionnelle,"Interdiction du cumul des mandats, limite dans le renouvellement : 2 fois, 3 grand maximum",cf çi dessus,"Une amende en cas de non participation, comme en Belgique",Aucun islamiste,"Fermeté, cf.ci dessus","Pénaliser les pays que les habitants fuient Faire payer les fournisseurs d'armes comme l'arabie saoudite, le Qatar, etc ...",Interdire le coran qui appelle au meurtre toutes les 10 sourates,Etre exemplaire,Quels territoires ? il y a des régions avec des représentants !,,Violence. Prendre au sérieux toutes les plaintes sans attendre des drames? Puis amendes de plus en plus dissuasive. En dernier recours prison,"On a des tas d'exemples de bonne intégration depuis très longtemps en France : polonais, portugais … Il n'y a qu'à appliquer les mêmes ""modalités""","L'écoute, la discussion, en fait la compréhension",,Aucun intérêt,,"il faut réduire le mille feuille administratif, région- département- etc … et bien fixer le rôle de chacun, sans superposition",,"Notre gros problème c'est l'islam et c'est criminel de tourner autour du pot Ensuite il faut favoriser la qualité plutôt que la quantité et donc réintroduire le coefficient familial, voire supprimer les allocations familiales : les riches peuvent avoir plusieurs enfants et s'en occuper correctement. Les pauvres peuvent faire pareil que s'ils en ont moins. Ca parait dur, mais en une génération on limiterait déjà bien les écarts entre citoyens",https://granddebat.fr/projects/democratie-et-citoyennete-1/collect/participez-a-la-recherche-collective-de-solutions/proposals/interdire-le-coran,"laroche
22 janvier 2019",22 janvier 2019,"Motif
propos raciste",Interdire le Coran
Appliquer simplement la législation en vigueur et ne pas se soumettre aux religions qui viennent de l'étranger.,Non,"Cela dépend de ce que signifie ""objectifs annuels"" !",les parlementaires,Oui,Non,Oui,Une mauvaise chose,Oui,Non,"nous avons maintenant des députés ""hors sol""",Le référendum d'initiative citoyenne !,Reconnaitre et encourager le bénévolat et imaginer un statut de celui-ci,Idem,"Renoncer aux abandons de souveraineté, à la repentance ...","Ne pas subir, ne pas se soumettre !",introduire une dose de proportionnelle,un mandat impératif,La reconnaissance à travers un statut;,"En aucune façon, en les obligeant. Quand le monde politique sera plus digne, les citoyens retrouveront le chemin des urnes. Pour l'instant, le monde politique méprise le peuple, ne l'écoute pas, ne prend pas en compte son avis (exemple = traité de Lisbonne!)",Il importe de lutter vigoureusement contre les clandestins. Personne ne doit pouvoir venir s'installer en France s'il n'est pas invité. Il s'agit d'une compétence régalienne qui ne peut pas être abandonnée à une organisation supranationale.,Avoir le courage de les dénoncer et de les sanctionner !,"Une politique drastique aux frontières, des expulsions massives, des condamnations des ""français"" qui aident les clandestins.",Surtout ne pas toucher à la loi de 1905 ! Imposer aux musulmans le respect des lois de la République. Se rappeler que nous sommes avant tout un pays de civilisation judéo-chrétienne.,"Assumer sa citoyenneté, participer au travail de mémoire,","Le rôle prévu par la constitution : initiative de la loi, commissions d'enquête, contrôle du gouvernement et de l'administration; en revanche, le CESE ne sert à rien !",celles dont sont victimes les français de souche !,"La repentance notamment celle exprimée par le Président de la république (Déclaration en Algérie, 11 novembre 2018, etc)","Acquisition de la langue française. Renoncement à des modes de vie en totale contradiction avec la civilisation française (polygamie, excision, prières de rue, voile, etc)","Le patriotisme, la connaissance de l'histoire de France, la valorisation des actes et initiatives qui contribuent à l'image de notre Pays.","S'inspirer des exemples étrangers (Italie, Suisse)",,,,,,https://granddebat.fr/projects/democratie-et-citoyennete-1/collect/participez-a-la-recherche-collective-de-solutions/proposals/lutter-contre-le-terrorisme-islamique,"schmitt
22 janvier 2019",22 janvier 2019,"Motif
propos raciste",Lutter contre le terrorisme islamique
"par l' éducation civique obligatoire , et par la loi",Oui,OUI !,mon maire elu de proximité,Oui,Oui,Oui,Une bonne chose,Oui,Oui,Diversifier la représentation,,"mettre en œuvre une politique anti corruption draconienne , anti lobbyiste et sévèrement punir les abus",referendum,récompenser,education civique,Proportionnelle relative,"Réunions débats , célébrations , compte rendus obligatoires des différentes réunions dans un bulletin de la nation , edité sur internet",récompenser,accepter de comptabiliser les votes blancs dans les suffrages exprimés,"Le mouvement des populations est inéluctable . .. Depuis la plus haute antiquité , l' histoire nous a montré que , lorsque la volonté humaine est là , tenter de s' opposer au phénomène pour le juguler est un leurre .. Il s' agit de l' accompagner ... ou alors de la réguler de diverses manières ...et d' imposer quelques règles fermes aux nouveaux arrivants ... et de bonnes formations à la citoyenneté . Non les français ni les européens ne sont pas racistes et xénophobes ... Seule l' immigration musulmane et les exigences que cette religion à connotation totalitaire et exclusive les effraie ... Des règles strictes d' effacement de ses pratiquants dans nos sociétés modernes et ouvertes s' imposent donc pour préserver les capacités d' accueil et d' intégration de notre population ... Lutter férocement contre le communautarisme ... et interdire carrément les sectes les plus dangereuses , comme le salafisme et le wahhabisme .. Diversifier les populations accueillies en limitant celles provenant du Maghreb ou d' Afrique sub-saharienne , privilégiant plus celles d' Amérique latine , d' extrême orient et d' Europe centrales ..",fermeté,"Diversifier les populations accueillies en limitant celles provenant du Maghreb ou d' Afrique sub-saharienne , privilégiant plus celles d' Amérique latine , d' extrême orient et d' Europe centrales ..",fermeté à l' égard de l' Islam et de ses exigences contraires aux valeurs de la république,auto discipline,Rendre obligatoire l ' application des mesures préconisées par la cours des comptes,,"déprédations gratuites , propreté des communes",Stages de formation et éducation civique obligatoire à l' entrée du territoire ... Engagement signé à respecter les lois de la république au risque de se voir refuser son accès,se mettre au service des autres et de la communauté nationale,réduire le nombre de citoyens pour y accéder,accepter de comptabiliser les votes blancs dans les suffrages exprimés,quelques heures de travail d' intérêt général communal,les deux chambres,Syndicats professionnels,,https://granddebat.fr/projects/democratie-et-citoyennete-1/collect/participez-a-la-recherche-collective-de-solutions/proposals/immigration-choisie-limiter-l-arrivee-de-musulmans-trop-communautaristes-antinomiques-avec-nos-valeurs-humanistes,"gil.libourel
22 janvier 2019",22 janvier 2019,"Motif
propos raciste",Immigration choisie limiter l' arrivée de musulmans (trop communautaristes antinomiques avec nos valeurs humanistes )
"arreter autant que possible l'immigration, expulsion des clandestins et assimilation des autres immigres legaux",Non,"nous n'avons aucune obligation que celles que nous nous donnons. l'asile a ete invente pour des individus (les ressortissants d'Europe de l'Est menaces a l'epoque principalement) pas pour des peuples entiers! comment des algeriens, marocains... peuvent pretendre a l'asile? tout ceci est une vaste blague et les c itoyens sont de moins en moins dupes","plus grand monde, rien que les questions de ce debat sont tres orientees selon une ideologie, comment voulez vous faire confiance?",Oui,Oui,Non,Une mauvaise chose,Oui,Non,encore moins de proximite avec les citoyens,RIC,"proposer une vision qui ne soit pas que des mots ou des concepts vides de sens type 'etat de droit', 'valeurs de la republique' et le pire 'vivre ensemble' (qui en realite signifie forcer des communautes qui se detestent ou au mieux s'ignorent a cohabiter) faire des referendum sur les sujets impliquant des changements de societe profonds (PMA, mariage gay...)",deja partager l'etat des lieus et eviter l'opacite. faire un referendum pour savoir si l'on continue avec les couts demesures de l'immigration,"l'education mais a commencer par les familles, l'Etat ne peut pas tout",arreter d'importer des centaines de milliers d'individus issus de cultures qui sont pour nous arrierees et ne partageant ni nos valeurs ni notre mode de vie,la proportionnelle,arreter la langue de bois et nommer enfin les choses,"que les citoyens aient vraiment l'impression que l'on se preoccupe d'eux et pas d'abord de la terre entiere, et que l'on arrete 1)de clouer au pilori toute opinion divergente 2) de s'abriter derriere le Droit (notamment europeen)pour ne pas faire ce que veulent les citoyens","tres/trop faible... comment? arreter les promesses que les candidats savent ne pas pouvoir tenir, arreter de defendre les gagnants de la mondialisation et s'occuper un peu plus des autres citoyens notamment ceux relegues dans les banlieues islamisees","la situation est catastrophique et semble echapper a tout controle. la politique migratoire est inchangee depuis 30 ans, et les intentions ne sont jamais suivies d'effets (on n'expulse pas les clandestins). les criteres sont simples : si vous arrivez ILLEGALEMENT vous ne serez jamais regularises, refoulement des rafiots qui importent leurs contingents d'envahisseurs (que des hommes jeunes dans les bateaux bizarrement), coupe dans les aides au developpement pour les pays refusant leurs ressortissants. la politique australienne pourrait vous inspirer... des quartiers entiers sont aujourd'hui etrangers, je plains les pauvres francais de souche qui doivent cohabiter",sanctionner sans pitie,un referendum pour proposer les simples mesures enoncees ci dessus,"la encore cesser de tout judiciariser et de tout mettre sur un meme pied d'egalite : la France est de culture chretienne, mettre en place des sapins a noel ne devrait pas poser de probleme dans les mairies...d'ailleurs tout cela n'est complique que depuis l'installation d'un islam conquerant et intolerant.",ecrire des lettres anonymes? (JE PLAISANTE),"le CESE, inutile et couteux, doit etre supprime tout comme la Halde, le defenseur des droits, le haut conseil a la laicite... de maniere generale arreter de tout considerer sous le prisme du Droit en oubliant le bon sens. sortir de la CEDH est bien entendu egalement imperatif. le citoyen ne comprend pas que ces organismes puissent nous dicter notre maniere de vivre ainsi que de proteger nos ennemis (par exemple en refusant les expulsions de clandestins ou en empechant de mettre en oeuvre une politique de preference nationale. en quoi est il infamant que le gouvernement francais se preoccupe d'abord du sort des citoyens francais?). 'un peuple preferera toujours ses moeurs a ses lois' disait Montesquieu",le racisme anti blanc/anti francais/anti juif,"vols, insultes, agressivite (transports en commun)",limiter drastiquement le nombre d'immigres et pour ceux qui restent mettre le paquet sur l'education et l'assimilation. en france on vit comme les francais ou on va ailleurs.,"la politesse, la bienveillance, la galanterie",reponse ci dessus...quant au Senat je pense que la plupart des gens s'en contrefoutent,,"travaux d'interet general (autour des dechets), pas de condamnations",,,"au risque de me repeter (mais on dit que de la repetiton vient l'education...) privilegier l'interet des citoyens et si besoin sortir des carcans qui nous empechent de mettre en place les politiques de nos choix tels CEDH, CEJ, ou le sinistre comite des droits de l'homme de l'ONU qui ne fait que taper sur les juifs au profit des islamistes",https://granddebat.fr/projects/democratie-et-citoyennete-1/collect/participez-a-la-recherche-collective-de-solutions/proposals/stop-a-limmigration-et-a-lislamisation-galopante,"david
22 janvier 2019",22 janvier 2019,"Motif
propos raciste",stop a l'immigration et a l'islamisation galopante
,Non,,"La représentation est remise en cause par l'accès de tous à l'interactivité et les nouvelles technologies. On le sent déjà, l'internet prend le pas sur les institutions traditionnelles. C'est heureux, mais il faut organiser cette innovation à la fois technologique et politique.",Je ne sais pas,Oui,Non,Une bonne chose,Non,Oui,Il n'est pas besoin d'avoir plusieurs mandats pour savoir le prix d'une baguette de pain. Cela empêche le carrièrisme et donne sa chance à plus de talents.,"Je vous l'ai dit: internet est un outil qui va tout transformer, surtout la politique. Il faut mettre en place une ""démocratie virtuelle"".",Contrôler les associations de façon rigoureuse.,Rien. Les responsables devront rendre des comptes devant Dieu ou la colère populaire...,"Il faut organiser de grands bals publics, gratuits, pour faire diminuer le nombre tragique de célibataires dans notre pays et ne pas laisser cette initiative au secteur privé car c'est une affaire d'Etat. Il faut enseigner les danses populaires à l'école. Il faut interdire la fête de la musique et abolir les quotas musicaux de chansons françaises sur les radios car cela conduit à l'ignorance (des cultures étrangères) et à la violence (en Europe, faute de connaître tout ses trésors!).",L'Etat fait déjà beaucoup mais il faut faire cesser l'immigration et prendre soin des sans-abris.,La proportionnelle aux législatives...,"Rien. Les citoyens n'ont pas besoins de représentants mais de personnel pour traiter les demandes, les informations et les votes électroniques.",,Il faut contraventionnaliser l'abstentionnisme.,Il faut stopper l'immigration massive et limiter l'entrée des étrangers à des conditions d'urgences (danger de mort à cause de la France et demandes papales).,Modifier la loi sur la légitime défense.,,"Abolir la liberté de culte, puisque s'il n'y a qu'un seul Dieu, il n'y a donc qu'un seul culte de vrai…",S'armer.,Aucun.,"Discrimination sociale, pauvreté.",Les insultes. Il faut permettre aux citoyens de se défendre (légalisation des armes à feu).,"Une égalité dans le versement des droits: 400€ pour tous, ni plus ni moins, quand on n'a pas de travail, par exemple et diminuer drastiquement les inégalités des retraites.",L'amour entre les hommes et les femmes.,Il faut les supprimer.,,"Il faut savoir ce que l'on veut. Si vous donner, vous donner. S'il y a contrepartie, ce n'est plus un don, mais un contrat.","La chambre des députés peut être augmentée à 600 élus, si l'on supprime le Sénat!",,"Il faut une démocratie virtuelle. Le peuple, c'est à dire chaque français doit avoir le droit de voter les lois par voie électronique.",https://granddebat.fr/projects/democratie-et-citoyennete-1/collect/participez-a-la-recherche-collective-de-solutions/proposals/pour-une-democratie-virtuelle,"jak dan
23 janvier 2019",23 janvier 2019,"Motif
apologie des crimes de guerre (image de profil)",Pour une démocratie virtuelle.
,,,"Des élus libre de parole dénué de ""politiquement correcte"" qui n'ont aucun intérêt personnel, de caste et privé. Ne plus avoir à faire à vous les parasites du haut, qui nous gouvernent depuis 40 ans. A tous ces enarques, cette petite caste bourgeoise et solidaire entre eux qui n'ont aucun sens des réalités, ces carriéristes assoiffés de pouvoir et d'argent public, votre temps est révolu, vous êtes le cancer de ce pays et les gilets jaune sont la chimiothérapie. La quenelle sera délicieuse en 2019. C'est fini ce petit jeu des parties politiques, ce divertissement politique, cette pièce de théâtre dont le but est de faire croire au citoyen ce faux jeu de la démocratie alors que vous bouffez tous dans la même gamelle. Ce faux spectacle mis en scène par vos salopes de média qui manipule l'opinion publique, divise les français sur des sujets débiles et propage une doxa abjecte. JE ne remplirais pas votre questionnaire car ce site internet, comme LREM, c'est juste de la comm', de la fumée, de la poudre de perlimpinpin.. Ca vous arrachait la gueule de mettre une catégorie pour parler de l'europe, du frexit et de l'immigration clandestine ? Sinon.... Assigner un joueur de poker mafieux et un vulgaire chauffeur de salle en tant que ministre de l'intérieur, payez votre crédibilité ! C'est tellement ridicule.",,,,,,,,,,,,,,,,,,,,,,,,,,,,,,,,,https://granddebat.fr/projects/democratie-et-citoyennete-1/collect/participez-a-la-recherche-collective-de-solutions/proposals/quenelle,"goldo
24 janvier 2019",24 janvier 2019,"Motif
Contenu offensant",QUENELLE
Par le rétablissement du goulag,Oui,Je fais confiance au Président Loukatchenko,Le Président Loukatchenko est un grand leader,,Non,Non,Je ne sais pas,Non,Non,Parce que le Président Loukatchenko devrait pouvoir cumuler tous les pouvoirs,En invitant les citoyens à parler directement au Président Loukatchenko,Des milices armées punissant physiquement les petits bourgeois déviants,Leur permettre d'écouter le Président Loukatchenko faire la pédagogie de ses réformes chaque samedi de 12h à 23h30 sur toutes les télévisions nationales,Les bons citoyens pourraient rencontrer le Président Loukatchenko,Reconnaitre la République Moldave du Dniestr et la rétrocession de la Crimée à la Russie,Aucun homme censé ne peut contredre le Président Loukatchenko,Envoyer au goulag les élus corrompus,Les bons citoyens pourraient rencontrer le Président Loukatchenko,En présentant plus de candidats dignes de confiance comme le Président Loukatchenko,Je fais confiance au Président Loukatchenko,Rétablir le goulag,"Etablir des relation diplomatique avec la République Moldave du Dniestr, la République d'Abkhazie, la République du Haut-Karabagh, la Drapeau de République populaire de Donetsk et la République populaire du Lougansk",La seule vénération tolérée doit être celle du Président Loukatchenko,Soutenir le Président Loukatchenko et son action courageuse,,La russophobie,La corruption au plus haut sommet de l'Etat,Permettre à chacun de réaliser à quel point le Président Loukatchenko est une chance pour la France,Ceux voulus par le Président Loukatchenko,La Biélorussie doit pouvoir disposer d'observateurs permanents au Parlement.,,,,A celles agréées par le Président Loukatchenko,Gloire éternelle au Président Loukatchenko,https://granddebat.fr/projects/democratie-et-citoyennete-1/collect/participez-a-la-recherche-collective-de-solutions/proposals/republique-moldave-du-dniestr,"Trolldur
23 janvier 2019",23 janvier 2019,"Motif
Contenu violent",République Moldave du Dniestr
,,,"Une idée qui me semble permettre à chacun de sortir de la crise où nous sommes enfermés de la meilleure façon.... Après avoir tenté avec ses acolytes de réformer à son idée le pays et déclenché une levée de bouclier bien compréhensible de la plupart des Français, notre Président ne préside plus et peine à trouver une porte de sortie.... Je lui en suggère une . Il peut ou doit se suicider! Avantages pour lui: Il sort du ""merdier"" où il s'est mis par le haut...On sait bien qu'on regrette les morts et il serait le premier président, à sortir ainsi...Il marquerait l'histoire et c'est sûrement ce qu'il cherche depuis très longtemps! Son épouse aurait le bonheur d'être sa veuve alors que la ""nature"" semblerait pencher autrement... Nous n'aurions pas à l'entretenir comme président ou ancien président durant des temps ""infinis"".... Les futurs ""candidats"" à ce poste et les commentateurs éclairés qui nous ""bassinent"" se poseraient des questions sur ce qui est , ou n'est pas à faire.... Un autre monde se dessinerait sûrement et nous aurions le bonheur de le créer ! Allez Manu, je te laisse le choix des ""armes"", et n'oublie pas que toutes tes frasques disparaîtront avec TOI!",,,,,,,,,,,,,,,,,,,,,,,,,,,,,,,,,https://granddebat.fr/projects/democratie-et-citoyennete-1/collect/participez-a-la-recherche-collective-de-solutions/proposals/conseil,"labadie daniel
22 janvier 2019",22 janvier 2019,"Motif
Contenu violent",conseil!!!
Macron démission !!!,Non,Macron démission !!!,Macron démission !!!,Non,Non,Non,Une mauvaise chose,Non,Oui,Macron démission !!!,Macron démission !!!,Macron démission !!!,Macron démission !!!,Macron démission !!!,Macron démission !!!,Macron démission !!!,Macron démission !!!,Macron démission !!!,Macron démission !!!,Macron démission !!!,Macron démission !!!,Macron démission !!!,Macron démission !!!,Macron démission !!!,Macron démission !!!,Macron démission !!!,Macron démission !!!,Macron démission !!!,Macron démission !!!,Macron démission !!!,Macron démission !!!,Macron démission !!!,Macron démission !!!,Macron démission !!!,Macron démission !!!,https://granddebat.fr/projects/democratie-et-citoyennete-1/collect/participez-a-la-recherche-collective-de-solutions/proposals/macron-demission,"giléj0né
22 janvier 2019",22 janvier 2019,"Motif
répétition abusive",Macron démission !!!
Celle-là je l'ai pas comprite...,Oui,"T'as des obligations ? mazette, comment ça doit être trop relou ! Comme objectif annuel, je vise le 12 Octobre. ça me semble bien.","Aux médias, ces p'tits bâtards d'leur mort",Non,Oui,Oui,Une bonne chose,Non,Oui,"Je cumule déjà les colifichets de ""grosse tantouze"" et de ""petite quéquette hargneuse"", j'aimerais bien que ça s'arrête et d'être enfin considéré comme tel !","C'est facile, tu les fais participer. Est-ce que t'es d'accord ? Oui, ok Non, j'te tape.",Une bonne tatane dans la margoulette !,"On fait même pas ce qu'ils demandent, alors les consulter... Nan pis ça me ramène des gens dans la rue, ça me permet de me détendre entre deux syndicalistes...","'faudrait apprendre aux citoyens qu'à cause des faibles et des pauvres, ils gagnent moins d'argent que ce qu'ils pourraient gagner s'ils étaient pas là, et là DIRECT, stage au LBD40. Avec exercice pratique dès le premier quart d'heure.","Du bon ciment. et du maçon portos, pour le faire","Foncer dans le tas dès qu'y en a qui mouftent dans la rue, comme ça y a moins de sensibilités politiques (parce que c'est le gros bordel), et la sensibilité politique restante qui sera d'accord, bah elle sera mieux représentée après.",Une bonne corde et un baudrier. Pour éviter que ça se dénoue.,offrir une boite de chocolat.,"'esh y a la réponse dans ta question, c'quoi c't'embrouille... mais 'faut les taper, c'est sur","C'est bien. On apprend aux africains à nager, ça leur fera les pieds",'faudra s'attendre à ce qu'ils nous vouvoient parce qu'on a pas gardé les cochons ensembles,C'est Nostradamus qui te l'a dit?,La crèche dans toute les mairies.,"Pilier, comme au rugby. Mais si c'est c'est moi l'incivilité, même pas t'y crois","Ah non, pas le Sénat !! Arrêtez de jouer des rôles ! Personne ne vous l'a demandé ! Sinon vous ne mèneriez pas de campagnes politiques !","On me traite d'usurpateur belliqueux et de facho nazi Alors qu'à la base, j'suis au PS Et dans ""nazi"", t'as aussi le mot ""socialiste"" Ah, tu t'es fais bien moucher, mémé !","C'est ma question ça, je suis une incivilité ambulante ! à l'échelle artisanale... je préfère prévenir, je ferais jamais aussi bien que le préfet de Paris, Collomb ou Castaner... C'est de l'incivilité de 75 ça, je peux rien faire face à ça",Une clé de bras et une Double Nelson,"Les gens pas flics qui tapent sur les pauvres qui se plaignent, c'est des héros J'adore frapper les pauvres... C'est mon côté socialiste.",0,"Depuis le début on arrête pas de prendre en compte le vote blanc Pompidou, Giscard, Mitterrand, Chirac, Sarko, Hollande, Manu mon frère... que des blancos de chez blancos, de vrais babtous !",,"Tous, les sénateurs c'est rien que des fils de putes wola !","Je pense qu'il faudrait laisser plus de liberté au syndicat Alliance Police Nationale, notamment celui de tirer dans le tas quand les mecs d'en fassent s'énervent dans la rue pour pas en branler une","Je ne peux répondre à votre question, car elle est liée à une affaire judiciaire.",https://granddebat.fr/projects/democratie-et-citoyennete-1/collect/participez-a-la-recherche-collective-de-solutions/proposals/cetait-pas-si-grave,"A. Benalla
23 janvier 2019",23 janvier 2019,"Motif
propos injurieux, incitation à la violence",C'était pas si grave
